﻿{"computers":[{"Properties":{"haslaps":false,"highvalue":false,"name":"LAB-2-WIN10.EVILCORP.LOCAL","domain":"EVILCORP.LOCAL","objectid":"S-1-5-21-2879988787-569407240-407367373-1103","distinguishedname":"CN=LAB-2-WIN10,CN=Computers,DC=evilcorp,DC=local","description":null,"enabled":true,"unconstraineddelegation":false,"serviceprincipalnames":["TERMSRV/LAB-2-WIN10","TERMSRV/LAB-2-WIN10.evilcorp.local","RestrictedKrbHost/LAB-2-WIN10","HOST/LAB-2-WIN10","RestrictedKrbHost/LAB-2-WIN10.evilcorp.local","HOST/LAB-2-WIN10.evilcorp.local"],"lastlogontimestamp":1600710691,"pwdlastset":1600710696,"operatingsystem":"Windows 10 Pro"},"AllowedToDelegate":[],"AllowedToAct":[],"PrimaryGroupSid":"S-1-5-21-2879988787-569407240-407367373-515","Sessions":[],"LocalAdmins":[],"RemoteDesktopUsers":[],"DcomUsers":[],"PSRemoteUsers":[],"ObjectIdentifier":"S-1-5-21-2879988787-569407240-407367373-1103","Aces":[{"PrincipalSID":"S-1-5-21-2879988787-569407240-407367373-512","PrincipalType":"Group","RightName":"Owner","AceType":"","IsInherited":false},{"PrincipalSID":"EVILCORP.LOCAL-S-1-5-32-548","PrincipalType":"Group","RightName":"GenericAll","AceType":"","IsInherited":false},{"PrincipalSID":"S-1-5-21-2879988787-569407240-407367373-512","PrincipalType":"Group","RightName":"GenericAll","AceType":"","IsInherited":false},{"PrincipalSID":"S-1-5-21-2879988787-569407240-407367373-519","PrincipalType":"Group","RightName":"GenericAll","AceType":"","IsInherited":true},{"PrincipalSID":"EVILCORP.LOCAL-S-1-5-32-544","PrincipalType":"Group","RightName":"WriteDacl","AceType":"","IsInherited":true},{"PrincipalSID":"EVILCORP.LOCAL-S-1-5-32-544","PrincipalType":"Group","RightName":"WriteOwner","AceType":"","IsInherited":true},{"PrincipalSID":"EVILCORP.LOCAL-S-1-5-32-544","PrincipalType":"Group","RightName":"GenericWrite","AceType":"","IsInherited":true}]},{"Properties":{"haslaps":false,"highvalue":false,"name":"DESKTOP-5OS9D89.EVILCORP.LOCAL","domain":"EVILCORP.LOCAL","objectid":"S-1-5-21-2879988787-569407240-407367373-1105","distinguishedname":"CN=DESKTOP-5OS9D89,CN=Computers,DC=evilcorp,DC=local","description":null,"enabled":true,"unconstraineddelegation":false,"serviceprincipalnames":["RestrictedKrbHost/DESKTOP-5OS9D89","HOST/DESKTOP-5OS9D89","RestrictedKrbHost/DESKTOP-5OS9D89.evilcorp.local","HOST/DESKTOP-5OS9D89.evilcorp.local"],"lastlogontimestamp":1583683679,"pwdlastset":1583683679,"operatingsystem":"Windows 10 Pro"},"AllowedToDelegate":[],"AllowedToAct":[],"PrimaryGroupSid":"S-1-5-21-2879988787-569407240-407367373-515","Sessions":[],"LocalAdmins":[],"RemoteDesktopUsers":[],"DcomUsers":[],"PSRemoteUsers":[],"ObjectIdentifier":"S-1-5-21-2879988787-569407240-407367373-1105","Aces":[{"PrincipalSID":"S-1-5-21-2879988787-569407240-407367373-512","PrincipalType":"Group","RightName":"Owner","AceType":"","IsInherited":false},{"PrincipalSID":"EVILCORP.LOCAL-S-1-5-32-548","PrincipalType":"Group","RightName":"GenericAll","AceType":"","IsInherited":false},{"PrincipalSID":"S-1-5-21-2879988787-569407240-407367373-512","PrincipalType":"Group","RightName":"GenericAll","AceType":"","IsInherited":false},{"PrincipalSID":"S-1-5-21-2879988787-569407240-407367373-519","PrincipalType":"Group","RightName":"GenericAll","AceType":"","IsInherited":true},{"PrincipalSID":"EVILCORP.LOCAL-S-1-5-32-544","PrincipalType":"Group","RightName":"WriteDacl","AceType":"","IsInherited":true},{"PrincipalSID":"EVILCORP.LOCAL-S-1-5-32-544","PrincipalType":"Group","RightName":"WriteOwner","AceType":"","IsInherited":true},{"PrincipalSID":"EVILCORP.LOCAL-S-1-5-32-544","PrincipalType":"Group","RightName":"GenericWrite","AceType":"","IsInherited":true}]},{"Properties":{"haslaps":false,"highvalue":false,"name":"LAB-1-WIN10.EVILCORP.LOCAL","domain":"EVILCORP.LOCAL","objectid":"S-1-5-21-2879988787-569407240-407367373-1107","distinguishedname":"CN=LAB-1-WIN10,CN=Computers,DC=evilcorp,DC=local","description":null,"enabled":true,"unconstraineddelegation":false,"serviceprincipalnames":["TERMSRV/LAB-1-WIN10","TERMSRV/LAB-1-WIN10.evilcorp.local","RestrictedKrbHost/LAB-1-WIN10","HOST/LAB-1-WIN10","RestrictedKrbHost/LAB-1-WIN10.evilcorp.local","HOST/LAB-1-WIN10.evilcorp.local"],"lastlogontimestamp":1600710694,"pwdlastset":1596137522,"operatingsystem":"Windows 10 Pro"},"AllowedToDelegate":[],"AllowedToAct":[],"PrimaryGroupSid":"S-1-5-21-2879988787-569407240-407367373-515","Sessions":[],"LocalAdmins":[],"RemoteDesktopUsers":[],"DcomUsers":[],"PSRemoteUsers":[],"ObjectIdentifier":"S-1-5-21-2879988787-569407240-407367373-1107","Aces":[{"PrincipalSID":"S-1-5-21-2879988787-569407240-407367373-512","PrincipalType":"Group","RightName":"Owner","AceType":"","IsInherited":false},{"PrincipalSID":"EVILCORP.LOCAL-S-1-5-32-548","PrincipalType":"Group","RightName":"GenericAll","AceType":"","IsInherited":false},{"PrincipalSID":"S-1-5-21-2879988787-569407240-407367373-512","PrincipalType":"Group","RightName":"GenericAll","AceType":"","IsInherited":false},{"PrincipalSID":"S-1-5-21-2879988787-569407240-407367373-519","PrincipalType":"Group","RightName":"GenericAll","AceType":"","IsInherited":true},{"PrincipalSID":"EVILCORP.LOCAL-S-1-5-32-544","PrincipalType":"Group","RightName":"WriteDacl","AceType":"","IsInherited":true},{"PrincipalSID":"EVILCORP.LOCAL-S-1-5-32-544","PrincipalType":"Group","RightName":"WriteOwner","AceType":"","IsInherited":true},{"PrincipalSID":"EVILCORP.LOCAL-S-1-5-32-544","PrincipalType":"Group","RightName":"GenericWrite","AceType":"","IsInherited":true}]},{"Properties":{"haslaps":false,"highvalue":false,"name":"WIN10-3.EVILCORP.LOCAL","domain":"EVILCORP.LOCAL","objectid":"S-1-5-21-2879988787-569407240-407367373-1109","distinguishedname":"CN=WIN10-3,CN=Computers,DC=evilcorp,DC=local","description":null,"enabled":false,"unconstraineddelegation":false,"serviceprincipalnames":["TERMSRV/WIN10-3","TERMSRV/WIN10-3.evilcorp.local","RestrictedKrbHost/WIN10-3","HOST/WIN10-3","RestrictedKrbHost/WIN10-3.evilcorp.local","HOST/WIN10-3.evilcorp.local"],"lastlogontimestamp":1597063011,"pwdlastset":1594642431,"operatingsystem":"Windows 10 Pro"},"AllowedToDelegate":[],"AllowedToAct":[],"PrimaryGroupSid":"S-1-5-21-2879988787-569407240-407367373-515","Sessions":[],"LocalAdmins":[],"RemoteDesktopUsers":[],"DcomUsers":[],"PSRemoteUsers":[],"ObjectIdentifier":"S-1-5-21-2879988787-569407240-407367373-1109","Aces":[{"PrincipalSID":"S-1-5-21-2879988787-569407240-407367373-512","PrincipalType":"Group","RightName":"Owner","AceType":"","IsInherited":false},{"PrincipalSID":"EVILCORP.LOCAL-S-1-5-32-548","PrincipalType":"Group","RightName":"GenericAll","AceType":"","IsInherited":false},{"PrincipalSID":"S-1-5-21-2879988787-569407240-407367373-512","PrincipalType":"Group","RightName":"GenericAll","AceType":"","IsInherited":false},{"PrincipalSID":"S-1-5-21-2879988787-569407240-407367373-1109","PrincipalType":"Computer","RightName":"GenericWrite","AceType":"","IsInherited":false},{"PrincipalSID":"S-1-5-21-2879988787-569407240-407367373-519","PrincipalType":"Group","RightName":"GenericAll","AceType":"","IsInherited":true},{"PrincipalSID":"EVILCORP.LOCAL-S-1-5-32-544","PrincipalType":"Group","RightName":"WriteDacl","AceType":"","IsInherited":true},{"PrincipalSID":"EVILCORP.LOCAL-S-1-5-32-544","PrincipalType":"Group","RightName":"WriteOwner","AceType":"","IsInherited":true},{"PrincipalSID":"EVILCORP.LOCAL-S-1-5-32-544","PrincipalType":"Group","RightName":"GenericWrite","AceType":"","IsInherited":true}]},{"Properties":{"haslaps":false,"highvalue":false,"name":"DC-2016.EVILCORP.LOCAL","domain":"EVILCORP.LOCAL","objectid":"S-1-5-21-2879988787-569407240-407367373-1000","distinguishedname":"CN=DC-2016,OU=Domain Controllers,DC=evilcorp,DC=local","description":null,"enabled":true,"unconstraineddelegation":true,"serviceprincipalnames":["ldap/WIN-55SO05RL2BA/EVILCORP","HOST/WIN-55SO05RL2BA/evilcorp.local","ldap/WIN-55SO05RL2BA/ForestDnsZones.evilcorp.local","HOST/WIN-55SO05RL2BA/EVILCORP","ldap/DC-2016/ForestDnsZones.evilcorp.local","ldap/WIN-55SO05RL2BA/DomainDnsZones.evilcorp.local","HOST/DC-2016/evilcorp.local","ldap/DC-2016/DomainDnsZones.evilcorp.local","GC/DC-2016/evilcorp.local","ldap/WIN-55SO05RL2BA/evilcorp.local","GC/WIN-55SO05RL2BA/evilcorp.local","ldap/DC-2016/evilcorp.local","TERMSRV/WIN-55SO05RL2BA","RestrictedKrbHost/WIN-55SO05RL2BA","HOST/WIN-55SO05RL2BA","ldap/WIN-55SO05RL2BA","HOST/DC-2016/EVILCORP","ldap/DC-2016/EVILCORP","TERMSRV/DC-2016","TERMSRV/DC-2016.evilcorp.local","Dfsr-12F9A27C-BF97-4787-9364-D31B6C55EB04/DC-2016.evilcorp.local","ldap/DC-2016.evilcorp.local/ForestDnsZones.evilcorp.local","ldap/DC-2016.evilcorp.local/DomainDnsZones.evilcorp.local","DNS/DC-2016.evilcorp.local","GC/DC-2016.evilcorp.local/evilcorp.local","RestrictedKrbHost/DC-2016.evilcorp.local","RestrictedKrbHost/DC-2016","HOST/DC-2016.evilcorp.local/EVILCORP","HOST/DC-2016","HOST/DC-2016.evilcorp.local","HOST/DC-2016.evilcorp.local/evilcorp.local","ldap/DC-2016.evilcorp.local/EVILCORP","ldap/DC-2016","ldap/DC-2016.evilcorp.local","ldap/DC-2016.evilcorp.local/evilcorp.local","RPC/4a50292f-116f-46df-abde-add1d98027dc._msdcs.evilcorp.local","E3514235-4B06-11D1-AB04-00C04FC2DCD2/4a50292f-116f-46df-abde-add1d98027dc/evilcorp.local","ldap/4a50292f-116f-46df-abde-add1d98027dc._msdcs.evilcorp.local"],"lastlogontimestamp":1600709792,"pwdlastset":1600711287,"operatingsystem":"Windows Server 2016 Standard Evaluation"},"AllowedToDelegate":[],"AllowedToAct":[],"PrimaryGroupSid":"S-1-5-21-2879988787-569407240-407367373-516","Sessions":[{"UserId":"S-1-5-21-2879988787-569407240-407367373-500","ComputerId":"S-1-5-21-2879988787-569407240-407367373-1000"}],"LocalAdmins":[{"MemberId":"S-1-5-21-2879988787-569407240-407367373-500","MemberType":"User"}],"RemoteDesktopUsers":[{"MemberId":"S-1-5-21-2879988787-569407240-407367373-500","MemberType":"User"},{"MemberId":"S-1-5-21-2879988787-569407240-407367373-512","MemberType":"Group"},{"MemberId":"S-1-5-21-2879988787-569407240-407367373-1108","MemberType":"User"}],"DcomUsers":[],"PSRemoteUsers":[],"ObjectIdentifier":"S-1-5-21-2879988787-569407240-407367373-1000","Aces":[{"PrincipalSID":"S-1-5-21-2879988787-569407240-407367373-512","PrincipalType":"Group","RightName":"Owner","AceType":"","IsInherited":false},{"PrincipalSID":"S-1-5-21-2879988787-569407240-407367373-512","PrincipalType":"Group","RightName":"GenericAll","AceType":"","IsInherited":false},{"PrincipalSID":"S-1-5-21-2879988787-569407240-407367373-519","PrincipalType":"Group","RightName":"GenericAll","AceType":"","IsInherited":true},{"PrincipalSID":"EVILCORP.LOCAL-S-1-5-32-544","PrincipalType":"Group","RightName":"WriteDacl","AceType":"","IsInherited":true},{"PrincipalSID":"EVILCORP.LOCAL-S-1-5-32-544","PrincipalType":"Group","RightName":"WriteOwner","AceType":"","IsInherited":true},{"PrincipalSID":"EVILCORP.LOCAL-S-1-5-32-544","PrincipalType":"Group","RightName":"GenericWrite","AceType":"","IsInherited":true}]}],"meta":{"count":5,"type":"computers","version":3}}