﻿{"domains":[{"Properties":{"highvalue":true,"name":"EVILCORP.LOCAL","domain":"EVILCORP.LOCAL","objectid":"S-1-5-21-2879988787-569407240-407367373","distinguishedname":"DC=evilcorp,DC=local","description":null,"functionallevel":"2016"},"Users":["S-1-5-21-2879988787-569407240-407367373-1114","S-1-5-21-2879988787-569407240-407367373-500","S-1-5-21-2879988787-569407240-407367373-501","S-1-5-21-2879988787-569407240-407367373-503","S-1-5-21-2879988787-569407240-407367373-502"],"Computers":["S-1-5-21-2879988787-569407240-407367373-1103","S-1-5-21-2879988787-569407240-407367373-1105","S-1-5-21-2879988787-569407240-407367373-1107","S-1-5-21-2879988787-569407240-407367373-1109"],"ChildOus":["23D040A7-54A5-44AB-A697-FF5AF0C6ED1A","58A0F236-488A-44FA-9BDC-768EA5F60593","E7056271-6EAE-491F-BD72-4DFF36C29D64","A840E5D4-084B-44C4-B0A4-4D1CB3808B2F","0A58CD4A-46AD-4F65-9A05-EED949EB01CD","5AED6A09-5820-4CF8-8002-D2FD9A7A39A5"],"Trusts":[],"Links":[{"IsEnforced":true,"Guid":"30E300A7-C996-4BFB-BB92-A7A69C26F936"},{"IsEnforced":true,"Guid":"92EFAF9C-FB8B-4FA0-B3F2-B6F58791CE82"}],"RemoteDesktopUsers":[{"MemberId":"S-1-5-21-2879988787-569407240-407367373-1108","MemberType":"User"},{"MemberId":"S-1-5-21-2879988787-569407240-407367373-512","MemberType":"Group"},{"MemberId":"S-1-5-21-2879988787-569407240-407367373-500","MemberType":"User"}],"LocalAdmins":[],"DcomUsers":[],"PSRemoteUsers":[],"ObjectIdentifier":"S-1-5-21-2879988787-569407240-407367373","Aces":[{"PrincipalSID":"EVILCORP.LOCAL-S-1-5-32-544","PrincipalType":"Group","RightName":"Owner","AceType":"","IsInherited":false},{"PrincipalSID":"EVILCORP.LOCAL-S-1-5-32-544","PrincipalType":"Group","RightName":"WriteDacl","AceType":"","IsInherited":false},{"PrincipalSID":"EVILCORP.LOCAL-S-1-5-32-544","PrincipalType":"Group","RightName":"WriteOwner","AceType":"","IsInherited":false},{"PrincipalSID":"EVILCORP.LOCAL-S-1-5-32-544","PrincipalType":"Group","RightName":"ExtendedRight","AceType":"All","IsInherited":false},{"PrincipalSID":"S-1-5-21-2879988787-569407240-407367373-512","PrincipalType":"Group","RightName":"WriteDacl","AceType":"","IsInherited":false},{"PrincipalSID":"S-1-5-21-2879988787-569407240-407367373-512","PrincipalType":"Group","RightName":"WriteOwner","AceType":"","IsInherited":false},{"PrincipalSID":"S-1-5-21-2879988787-569407240-407367373-512","PrincipalType":"Group","RightName":"ExtendedRight","AceType":"All","IsInherited":false},{"PrincipalSID":"S-1-5-21-2879988787-569407240-407367373-519","PrincipalType":"Group","RightName":"GenericAll","AceType":"","IsInherited":false},{"PrincipalSID":"EVILCORP.LOCAL-S-1-5-9","PrincipalType":"Group","RightName":"ExtendedRight","AceType":"GetChanges","IsInherited":false},{"PrincipalSID":"EVILCORP.LOCAL-S-1-5-32-544","PrincipalType":"Group","RightName":"ExtendedRight","AceType":"GetChangesAll","IsInherited":false},{"PrincipalSID":"EVILCORP.LOCAL-S-1-5-32-544","PrincipalType":"Group","RightName":"ExtendedRight","AceType":"GetChanges","IsInherited":false},{"PrincipalSID":"S-1-5-21-2879988787-569407240-407367373-498","PrincipalType":"Group","RightName":"ExtendedRight","AceType":"GetChanges","IsInherited":false},{"PrincipalSID":"S-1-5-21-2879988787-569407240-407367373-516","PrincipalType":"Group","RightName":"ExtendedRight","AceType":"GetChangesAll","IsInherited":false}]}],"meta":{"count":1,"type":"domains","version":3}}