﻿{"gpos":[{"Properties":{"highvalue":false,"name":"DEFAULT DOMAIN POLICY@EVILCORP.LOCAL","domain":"EVILCORP.LOCAL","objectid":"92EFAF9C-FB8B-4FA0-B3F2-B6F58791CE82","distinguishedname":"CN={31B2F340-016D-11D2-945F-00C04FB984F9},CN=Policies,CN=System,DC=evilcorp,DC=local","description":null,"gpcpath":"\\\\evilcorp.local\\sysvol\\evilcorp.local\\Policies\\{31B2F340-016D-11D2-945F-00C04FB984F9}"},"ObjectIdentifier":"92EFAF9C-FB8B-4FA0-B3F2-B6F58791CE82","Aces":[{"PrincipalSID":"S-1-5-21-2879988787-569407240-407367373-512","PrincipalType":"Group","RightName":"Owner","AceType":"","IsInherited":false},{"PrincipalSID":"S-1-5-21-2879988787-569407240-407367373-512","PrincipalType":"Group","RightName":"WriteDacl","AceType":"","IsInherited":false},{"PrincipalSID":"S-1-5-21-2879988787-569407240-407367373-512","PrincipalType":"Group","RightName":"WriteOwner","AceType":"","IsInherited":false},{"PrincipalSID":"S-1-5-21-2879988787-569407240-407367373-512","PrincipalType":"Group","RightName":"GenericWrite","AceType":"","IsInherited":false},{"PrincipalSID":"S-1-5-21-2879988787-569407240-407367373-519","PrincipalType":"Group","RightName":"WriteDacl","AceType":"","IsInherited":false},{"PrincipalSID":"S-1-5-21-2879988787-569407240-407367373-519","PrincipalType":"Group","RightName":"WriteOwner","AceType":"","IsInherited":false},{"PrincipalSID":"S-1-5-21-2879988787-569407240-407367373-519","PrincipalType":"Group","RightName":"GenericWrite","AceType":"","IsInherited":false}]},{"Properties":{"highvalue":false,"name":"DEFAULT DOMAIN CONTROLLERS POLICY@EVILCORP.LOCAL","domain":"EVILCORP.LOCAL","objectid":"7C48303B-468B-411B-8B99-4BA935724DD4","distinguishedname":"CN={6AC1786C-016F-11D2-945F-00C04fB984F9},CN=Policies,CN=System,DC=evilcorp,DC=local","description":null,"gpcpath":"\\\\evilcorp.local\\sysvol\\evilcorp.local\\Policies\\{6AC1786C-016F-11D2-945F-00C04fB984F9}"},"ObjectIdentifier":"7C48303B-468B-411B-8B99-4BA935724DD4","Aces":[{"PrincipalSID":"S-1-5-21-2879988787-569407240-407367373-512","PrincipalType":"Group","RightName":"Owner","AceType":"","IsInherited":false},{"PrincipalSID":"S-1-5-21-2879988787-569407240-407367373-512","PrincipalType":"Group","RightName":"WriteDacl","AceType":"","IsInherited":false},{"PrincipalSID":"S-1-5-21-2879988787-569407240-407367373-512","PrincipalType":"Group","RightName":"WriteOwner","AceType":"","IsInherited":false},{"PrincipalSID":"S-1-5-21-2879988787-569407240-407367373-512","PrincipalType":"Group","RightName":"GenericWrite","AceType":"","IsInherited":false},{"PrincipalSID":"S-1-5-21-2879988787-569407240-407367373-512","PrincipalType":"Group","RightName":"WriteDacl","AceType":"","IsInherited":false},{"PrincipalSID":"S-1-5-21-2879988787-569407240-407367373-512","PrincipalType":"Group","RightName":"WriteOwner","AceType":"","IsInherited":false},{"PrincipalSID":"S-1-5-21-2879988787-569407240-407367373-512","PrincipalType":"Group","RightName":"GenericWrite","AceType":"","IsInherited":false},{"PrincipalSID":"S-1-5-21-2879988787-569407240-407367373-519","PrincipalType":"Group","RightName":"WriteDacl","AceType":"","IsInherited":false},{"PrincipalSID":"S-1-5-21-2879988787-569407240-407367373-519","PrincipalType":"Group","RightName":"WriteOwner","AceType":"","IsInherited":false},{"PrincipalSID":"S-1-5-21-2879988787-569407240-407367373-519","PrincipalType":"Group","RightName":"GenericWrite","AceType":"","IsInherited":false}]},{"Properties":{"highvalue":false,"name":"REMOTE DESKTOP SERVICES@EVILCORP.LOCAL","domain":"EVILCORP.LOCAL","objectid":"30E300A7-C996-4BFB-BB92-A7A69C26F936","distinguishedname":"CN={B999DAF4-0B5E-4C99-84A5-57C893A1BDC0},CN=Policies,CN=System,DC=evilcorp,DC=local","description":null,"gpcpath":"\\\\evilcorp.local\\SysVol\\evilcorp.local\\Policies\\{B999DAF4-0B5E-4C99-84A5-57C893A1BDC0}"},"ObjectIdentifier":"30E300A7-C996-4BFB-BB92-A7A69C26F936","Aces":[{"PrincipalSID":"S-1-5-21-2879988787-569407240-407367373-512","PrincipalType":"Group","RightName":"Owner","AceType":"","IsInherited":false},{"PrincipalSID":"S-1-5-21-2879988787-569407240-407367373-512","PrincipalType":"Group","RightName":"WriteDacl","AceType":"","IsInherited":false},{"PrincipalSID":"S-1-5-21-2879988787-569407240-407367373-512","PrincipalType":"Group","RightName":"WriteOwner","AceType":"","IsInherited":false},{"PrincipalSID":"S-1-5-21-2879988787-569407240-407367373-512","PrincipalType":"Group","RightName":"GenericWrite","AceType":"","IsInherited":false},{"PrincipalSID":"S-1-5-21-2879988787-569407240-407367373-512","PrincipalType":"Group","RightName":"WriteDacl","AceType":"","IsInherited":false},{"PrincipalSID":"S-1-5-21-2879988787-569407240-407367373-512","PrincipalType":"Group","RightName":"WriteOwner","AceType":"","IsInherited":false},{"PrincipalSID":"S-1-5-21-2879988787-569407240-407367373-512","PrincipalType":"Group","RightName":"GenericWrite","AceType":"","IsInherited":false},{"PrincipalSID":"S-1-5-21-2879988787-569407240-407367373-519","PrincipalType":"Group","RightName":"WriteDacl","AceType":"","IsInherited":false},{"PrincipalSID":"S-1-5-21-2879988787-569407240-407367373-519","PrincipalType":"Group","RightName":"WriteOwner","AceType":"","IsInherited":false},{"PrincipalSID":"S-1-5-21-2879988787-569407240-407367373-519","PrincipalType":"Group","RightName":"GenericWrite","AceType":"","IsInherited":false}]},{"Properties":{"highvalue":false,"name":"LOCAL ADMIN@EVILCORP.LOCAL","domain":"EVILCORP.LOCAL","objectid":"3BBF3598-380B-4A16-B27D-17DBA0743110","distinguishedname":"CN={D2AE2678-9DA3-4F52-BF61-944DB8D55DA0},CN=Policies,CN=System,DC=evilcorp,DC=local","description":null,"gpcpath":"\\\\evilcorp.local\\SysVol\\evilcorp.local\\Policies\\{D2AE2678-9DA3-4F52-BF61-944DB8D55DA0}"},"ObjectIdentifier":"3BBF3598-380B-4A16-B27D-17DBA0743110","Aces":[{"PrincipalSID":"S-1-5-21-2879988787-569407240-407367373-512","PrincipalType":"Group","RightName":"Owner","AceType":"","IsInherited":false},{"PrincipalSID":"S-1-5-21-2879988787-569407240-407367373-512","PrincipalType":"Group","RightName":"WriteDacl","AceType":"","IsInherited":false},{"PrincipalSID":"S-1-5-21-2879988787-569407240-407367373-512","PrincipalType":"Group","RightName":"WriteOwner","AceType":"","IsInherited":false},{"PrincipalSID":"S-1-5-21-2879988787-569407240-407367373-512","PrincipalType":"Group","RightName":"GenericWrite","AceType":"","IsInherited":false},{"PrincipalSID":"S-1-5-21-2879988787-569407240-407367373-519","PrincipalType":"Group","RightName":"WriteDacl","AceType":"","IsInherited":false},{"PrincipalSID":"S-1-5-21-2879988787-569407240-407367373-519","PrincipalType":"Group","RightName":"WriteOwner","AceType":"","IsInherited":false},{"PrincipalSID":"S-1-5-21-2879988787-569407240-407367373-519","PrincipalType":"Group","RightName":"GenericWrite","AceType":"","IsInherited":false}]}],"meta":{"count":4,"type":"gpos","version":3}}