﻿{"ous":[{"Properties":{"highvalue":false,"name":"ADMIN@EVILCORP.LOCAL","domain":"EVILCORP.LOCAL","objectid":"58A0F236-488A-44FA-9BDC-768EA5F60593","distinguishedname":"OU=Admin,DC=evilcorp,DC=local","description":null,"blocksinheritance":false},"Links":[],"ACLProtected":false,"Users":["S-1-5-21-2879988787-569407240-407367373-1104"],"Computers":[],"ChildOus":[],"RemoteDesktopUsers":[],"LocalAdmins":[],"DcomUsers":[],"PSRemoteUsers":[],"ObjectIdentifier":"58A0F236-488A-44FA-9BDC-768EA5F60593","Aces":[{"PrincipalSID":"S-1-5-21-2879988787-569407240-407367373-512","PrincipalType":"Group","RightName":"Owner","AceType":"","IsInherited":false},{"PrincipalSID":"S-1-5-21-2879988787-569407240-407367373-512","PrincipalType":"Group","RightName":"GenericAll","AceType":"","IsInherited":false},{"PrincipalSID":"S-1-5-21-2879988787-569407240-407367373-519","PrincipalType":"Group","RightName":"GenericAll","AceType":"","IsInherited":true},{"PrincipalSID":"EVILCORP.LOCAL-S-1-5-32-544","PrincipalType":"Group","RightName":"WriteDacl","AceType":"","IsInherited":true},{"PrincipalSID":"EVILCORP.LOCAL-S-1-5-32-544","PrincipalType":"Group","RightName":"WriteOwner","AceType":"","IsInherited":true}]},{"Properties":{"highvalue":false,"name":"CONTRACTORS@EVILCORP.LOCAL","domain":"EVILCORP.LOCAL","objectid":"E7056271-6EAE-491F-BD72-4DFF36C29D64","distinguishedname":"OU=Contractors,DC=evilcorp,DC=local","description":null,"blocksinheritance":false},"Links":[],"ACLProtected":false,"Users":[],"Computers":[],"ChildOus":[],"RemoteDesktopUsers":[],"LocalAdmins":[],"DcomUsers":[],"PSRemoteUsers":[],"ObjectIdentifier":"E7056271-6EAE-491F-BD72-4DFF36C29D64","Aces":[{"PrincipalSID":"S-1-5-21-2879988787-569407240-407367373-512","PrincipalType":"Group","RightName":"Owner","AceType":"","IsInherited":false},{"PrincipalSID":"S-1-5-21-2879988787-569407240-407367373-512","PrincipalType":"Group","RightName":"GenericAll","AceType":"","IsInherited":false},{"PrincipalSID":"S-1-5-21-2879988787-569407240-407367373-519","PrincipalType":"Group","RightName":"GenericAll","AceType":"","IsInherited":true},{"PrincipalSID":"EVILCORP.LOCAL-S-1-5-32-544","PrincipalType":"Group","RightName":"WriteDacl","AceType":"","IsInherited":true},{"PrincipalSID":"EVILCORP.LOCAL-S-1-5-32-544","PrincipalType":"Group","RightName":"WriteOwner","AceType":"","IsInherited":true}]},{"Properties":{"highvalue":false,"name":"STANDARD USERS@EVILCORP.LOCAL","domain":"EVILCORP.LOCAL","objectid":"A840E5D4-084B-44C4-B0A4-4D1CB3808B2F","distinguishedname":"OU=Standard Users,DC=evilcorp,DC=local","description":null,"blocksinheritance":false},"Links":[],"ACLProtected":false,"Users":["S-1-5-21-2879988787-569407240-407367373-1108","S-1-5-21-2879988787-569407240-407367373-1110","S-1-5-21-2879988787-569407240-407367373-1111"],"Computers":[],"ChildOus":[],"RemoteDesktopUsers":[],"LocalAdmins":[],"DcomUsers":[],"PSRemoteUsers":[],"ObjectIdentifier":"A840E5D4-084B-44C4-B0A4-4D1CB3808B2F","Aces":[{"PrincipalSID":"S-1-5-21-2879988787-569407240-407367373-512","PrincipalType":"Group","RightName":"Owner","AceType":"","IsInherited":false},{"PrincipalSID":"S-1-5-21-2879988787-569407240-407367373-512","PrincipalType":"Group","RightName":"GenericAll","AceType":"","IsInherited":false},{"PrincipalSID":"S-1-5-21-2879988787-569407240-407367373-519","PrincipalType":"Group","RightName":"GenericAll","AceType":"","IsInherited":true},{"PrincipalSID":"EVILCORP.LOCAL-S-1-5-32-544","PrincipalType":"Group","RightName":"WriteDacl","AceType":"","IsInherited":true},{"PrincipalSID":"EVILCORP.LOCAL-S-1-5-32-544","PrincipalType":"Group","RightName":"WriteOwner","AceType":"","IsInherited":true}]},{"Properties":{"highvalue":false,"name":"TEST@EVILCORP.LOCAL","domain":"EVILCORP.LOCAL","objectid":"0A58CD4A-46AD-4F65-9A05-EED949EB01CD","distinguishedname":"OU=test,DC=evilcorp,DC=local","description":null,"blocksinheritance":false},"Links":[],"ACLProtected":false,"Users":[],"Computers":[],"ChildOus":[],"RemoteDesktopUsers":[],"LocalAdmins":[],"DcomUsers":[],"PSRemoteUsers":[],"ObjectIdentifier":"0A58CD4A-46AD-4F65-9A05-EED949EB01CD","Aces":[{"PrincipalSID":"S-1-5-21-2879988787-569407240-407367373-512","PrincipalType":"Group","RightName":"Owner","AceType":"","IsInherited":false},{"PrincipalSID":"S-1-5-21-2879988787-569407240-407367373-512","PrincipalType":"Group","RightName":"GenericAll","AceType":"","IsInherited":false},{"PrincipalSID":"S-1-5-21-2879988787-569407240-407367373-519","PrincipalType":"Group","RightName":"GenericAll","AceType":"","IsInherited":true},{"PrincipalSID":"EVILCORP.LOCAL-S-1-5-32-544","PrincipalType":"Group","RightName":"WriteDacl","AceType":"","IsInherited":true},{"PrincipalSID":"EVILCORP.LOCAL-S-1-5-32-544","PrincipalType":"Group","RightName":"WriteOwner","AceType":"","IsInherited":true}]},{"Properties":{"highvalue":false,"name":"LOCAL ADMIN ACCESS@EVILCORP.LOCAL","domain":"EVILCORP.LOCAL","objectid":"5AED6A09-5820-4CF8-8002-D2FD9A7A39A5","distinguishedname":"OU=Local Admin Access,DC=evilcorp,DC=local","description":null,"blocksinheritance":false},"Links":[],"ACLProtected":false,"Users":[],"Computers":[],"ChildOus":[],"RemoteDesktopUsers":[],"LocalAdmins":[],"DcomUsers":[],"PSRemoteUsers":[],"ObjectIdentifier":"5AED6A09-5820-4CF8-8002-D2FD9A7A39A5","Aces":[{"PrincipalSID":"S-1-5-21-2879988787-569407240-407367373-512","PrincipalType":"Group","RightName":"Owner","AceType":"","IsInherited":false},{"PrincipalSID":"S-1-5-21-2879988787-569407240-407367373-512","PrincipalType":"Group","RightName":"GenericAll","AceType":"","IsInherited":false},{"PrincipalSID":"S-1-5-21-2879988787-569407240-407367373-519","PrincipalType":"Group","RightName":"GenericAll","AceType":"","IsInherited":true},{"PrincipalSID":"EVILCORP.LOCAL-S-1-5-32-544","PrincipalType":"Group","RightName":"WriteDacl","AceType":"","IsInherited":true},{"PrincipalSID":"EVILCORP.LOCAL-S-1-5-32-544","PrincipalType":"Group","RightName":"WriteOwner","AceType":"","IsInherited":true}]},{"Properties":{"highvalue":false,"name":"DOMAIN CONTROLLERS@EVILCORP.LOCAL","domain":"EVILCORP.LOCAL","objectid":"23D040A7-54A5-44AB-A697-FF5AF0C6ED1A","distinguishedname":"OU=Domain Controllers,DC=evilcorp,DC=local","description":"Default container for domain controllers","blocksinheritance":false},"Links":[{"IsEnforced":false,"Guid":"7C48303B-468B-411B-8B99-4BA935724DD4"}],"ACLProtected":false,"Users":[],"Computers":["S-1-5-21-2879988787-569407240-407367373-1000"],"ChildOus":[],"RemoteDesktopUsers":[],"LocalAdmins":[],"DcomUsers":[],"PSRemoteUsers":[],"ObjectIdentifier":"23D040A7-54A5-44AB-A697-FF5AF0C6ED1A","Aces":[{"PrincipalSID":"S-1-5-21-2879988787-569407240-407367373-512","PrincipalType":"Group","RightName":"Owner","AceType":"","IsInherited":false},{"PrincipalSID":"S-1-5-21-2879988787-569407240-407367373-512","PrincipalType":"Group","RightName":"WriteDacl","AceType":"","IsInherited":false},{"PrincipalSID":"S-1-5-21-2879988787-569407240-407367373-512","PrincipalType":"Group","RightName":"WriteOwner","AceType":"","IsInherited":false},{"PrincipalSID":"S-1-5-21-2879988787-569407240-407367373-519","PrincipalType":"Group","RightName":"GenericAll","AceType":"","IsInherited":true},{"PrincipalSID":"EVILCORP.LOCAL-S-1-5-32-544","PrincipalType":"Group","RightName":"WriteDacl","AceType":"","IsInherited":true},{"PrincipalSID":"EVILCORP.LOCAL-S-1-5-32-544","PrincipalType":"Group","RightName":"WriteOwner","AceType":"","IsInherited":true}]}],"meta":{"count":6,"type":"ous","version":3}}